frequency_hz,gain_db,phase_deg
1.0,61.87214,179.99566536859984
1.023293,61.87214,179.99555077704082
1.047129,61.87214,179.99549348126132
1.071519,61.87214,179.9953788897023
1.096478,61.87214,179.9952642981432
1.122018,61.87214,179.99514970658424
1.148154,61.87214,179.99503511502522
1.174898,61.87214,179.9949205234662
1.202264,61.87214,179.99480593190717
1.230269,61.87214,179.99469134034814
1.258925,61.87214,179.9945767487891
1.28825,61.87214,179.99440486145056
1.318257,61.87214,179.99429026989154
1.348963,61.87214,179.99417567833248
1.380384,61.87214,179.99400379099396
1.412538,61.87214,179.99388919943493
1.44544,61.87214,179.9937173120964
1.479108,61.87214,179.99360272053738
1.513561,61.87214,179.99343083319883
1.548817,61.87214,179.9933162416398
1.584893,61.87214,179.99314435430128
1.62181,61.87214,179.99297246696273
1.659587,61.87214,179.9928005796242
1.698244,61.87214,179.99262869228565
1.737801,61.87214,179.99245680494712
1.778279,61.87214,179.99228491760857
1.819701,61.87214,179.99211303027005
1.862087,61.87214,179.9919411429315
1.905461,61.87214,179.99176925559294
1.949845,61.87214,179.9915400724749
1.995262,61.87214,179.99136818513637
2.041738,61.87214,179.99113900201831
2.089296,61.87214,179.99096711467976
2.137962,61.87214,179.9907379315617
2.187762,61.87214,179.99050874844366
2.238721,61.87214,179.99033686110513
2.290868,61.87214,179.99010767798708
2.344229,61.87214,179.98987849486903
2.398833,61.87214,179.98959201597145
2.454709,61.87214,179.9893628328534
2.511886,61.87214,179.98913364973535
2.570396,61.87214,179.98884717083777
2.630268,61.87214,179.98861798771972
2.691535,61.87214,179.98833150882217
2.754229,61.87214,179.98810232570412
2.818383,61.87214,179.98781584680654
2.884032,61.87214,179.987529367909
2.951209,61.87214,179.9872428890114
3.019952,61.87214,179.98695641011386
3.090295,61.87214,179.98661263543676
3.162278,61.87214,179.9863261565392
3.235937,61.87214,179.98598238186213
3.311311,61.87214,179.98563860718505
3.388442,61.87214,179.98535212828747
3.467369,61.87214,179.9850083536104
3.548134,61.87214,179.98466457893332
3.630781,61.87214,179.98426350847672
3.715352,61.87214,179.98391973379964
3.801894,61.87214,179.98351866334306
3.890451,61.87214,179.98317488866599
3.981072,61.87214,179.98277381820938
4.073803,61.87214,179.9823727477528
4.168694,61.87214,179.9819716772962
4.265795,61.87214,179.9815133110601
4.365158,61.87214,179.9811122406035
4.466836,61.87214,179.98065387436745
4.570882,61.87214,179.9801955081313
4.677351,61.87214,179.9797371418952
4.786301,61.87214,179.97927877565908
4.897788,61.87214,179.978820409423
5.011872,61.87214,179.9783047474074
5.128614,61.87214,179.97778908539175
5.248075,61.87214,179.97727342337612
5.370318,61.87214,179.97675776136052
5.495409,61.87214,179.97618480356536
5.623413,61.87214,179.9756691415498
5.754399,61.87214,179.97509618375463
5.888437,61.87214,179.9745232259595
6.025596,61.87214,179.97389297238487
6.16595,61.87214,179.97332001458975
6.309573,61.87214,179.97268976101506
6.456542,61.87214,179.97205950744046
6.606934,61.87214,179.9714292538658
6.76083,61.87214,179.97074170451165
6.91831,61.87214,179.9700541551575
7.079458,61.87214,179.96936660580334
7.24436,61.87214,179.96862176066966
7.413102,61.87214,179.9679342113155
7.585776,61.87214,179.96718936618183
7.762471,61.87214,179.96638722526865
7.943282,61.87214,179.965642380135
8.128305,61.87214,179.9648402392218
8.317638,61.87214,179.9639808025291
8.51138,61.87214,179.96317866161593
8.709636,61.87214,179.96231922492322
8.912509,61.87214,179.96140249245101
9.120108,61.87214,179.9605430557583
9.332543,61.87214,179.9596263232861
9.549926,61.87214,179.95865229503443
9.772372,61.87214,179.95767826678266
10.0,61.87214,179.95670423853093
10.23293,61.87214,179.95573021027923
10.47129,61.87214,179.95469888624797
10.71519,61.87214,179.9536102664372
10.96478,61.87214,179.95252164662648
11.22018,61.87214,179.95143302681575
11.48154,61.87214,179.9502871112255
11.74898,61.87214,179.94914119563524
12.02264,61.87214,179.94793798426545
12.30269,61.87214,179.94673477289567
12.58925,61.87214,179.94553156152588
12.8825,61.87214,179.9442137585971
13.18257,61.87214,179.9429532514478
13.48963,61.87214,179.941635448519
13.80384,61.87214,179.94026034981067
14.12538,61.87214,179.93888525110236
14.4544,61.87214,179.93745285661453
14.79108,61.87214,179.9359631663472
15.13561,61.87214,179.93447347607986
15.48817,61.87214,179.93298378581255
15.84893,61.87214,179.93137950398614
16.2181,61.87214,179.9297752221598
16.59587,61.87214,179.92817094033344
16.98244,61.87214,179.92650936272756
17.37801,61.87214,179.92479048934217
17.78279,61.87213,179.92301432017726
18.19701,61.87213,179.92123815101235
18.62087,61.87213,179.91940468606794
19.05461,61.87213,179.91751392534402
19.49845,61.87213,179.91562316462006
19.95262,61.87213,179.9136178123371
20.41738,61.87213,179.91161246005413
20.89296,61.87213,179.90954981199167
21.37962,61.87213,179.9074298681497
21.87762,61.87213,179.90530992430772
22.38721,61.87213,179.9030753889067
22.90868,61.87213,179.90084085350568
23.44229,61.87213,179.89854902232517
23.98833,61.87213,179.8961425995856
24.54709,61.87213,179.89373617684606
25.11886,61.87213,179.89127245832702
25.70396,61.87213,179.88875144402846
26.30268,61.87213,179.88617313395036
26.91535,61.87212,179.88348023231325
27.54229,61.87212,179.88078733067613
28.18383,61.87212,179.87797983747998
28.84032,61.87212,179.8751723442838
29.51209,61.87212,179.87225025952864
30.19952,61.87212,179.869270878994
30.90295,61.87212,179.86623420267978
31.62278,61.87212,179.86314023058605
32.35937,61.87212,179.85993166693336
33.11311,61.87212,179.85666580750112
33.88442,61.87211,179.85334265228934
34.67369,61.87211,179.84990490551854
35.48134,61.87211,179.84640986296824
36.30781,61.87211,179.84285752463848
37.15352,61.87211,179.83919059474962
38.01894,61.87211,179.83540907330175
38.90451,61.87211,179.83157025607437
39.81072,61.8721,179.82767414306747
40.73803,61.8721,179.82366343850154
41.68694,61.8721,179.81953814237664
42.65795,61.8721,179.8153555504722
43.65158,61.8721,179.81105836700868
44.66836,61.87209,179.80664659198618
45.70882,61.87209,179.80212022540462
46.77351,61.87209,179.79753656304362
47.86301,61.87209,179.7928383091235
48.97788,61.87208,179.7879681678649
50.11872,61.87208,179.7830407308268
51.28614,61.87208,179.77799870222964
52.48075,61.87207,179.77284208207345
53.70318,61.87207,179.76751357457874
54.95409,61.87207,179.7621277713045
56.23413,61.87206,179.75657008069177
57.54399,61.87206,179.75089779851996
58.88437,61.87206,179.74511092478915
60.25596,61.87205,179.73915216371975
61.6595,61.87205,179.73307881109142
63.09573,61.87204,179.72689086690397
64.56542,61.87204,179.72053103537803
66.06934,61.87203,179.71399931651356
67.6083,61.87203,179.70735300609002
69.1831,61.87202,179.70053480832794
70.79458,61.87202,179.69354472322735
72.4436,61.87201,179.68644004656775
74.13102,61.87201,179.67910618679008
75.85776,61.872,179.67165773545335
77.62471,61.87199,179.6639801009986
79.43282,61.87199,179.65618787498482
81.28305,61.87198,179.648166465853
83.17638,61.87197,179.6399731693826
85.1138,61.87196,179.6316079855737
87.09636,61.87195,179.62301361864675
89.12509,61.87195,179.61419006860174
91.20108,61.87194,179.60525192699768
93.32543,61.87193,179.5960273064961
95.49926,61.87192,179.58663079865593
97.72372,61.87191,179.57700510769774
100.0,61.8719,179.5671502336215
102.3293,61.87188,179.5570661764272
104.7129,61.87187,179.54675293611484
107.1519,61.87186,179.53621051268442
109.6478,61.87184,179.52538161035648
112.2018,61.87183,179.51432352491042
114.8154,61.87182,179.50303625634632
117.4898,61.8718,179.4914625088847
120.2264,61.87178,179.47960228252552
123.0269,61.87177,179.46745557726874
125.8925,61.87175,179.4550796888939
128.825,61.87173,179.44236002584202
131.8257,61.87171,179.42941117967206
134.8963,61.87169,179.41611855882502
138.0384,61.87167,179.4024821633009
141.2538,61.87165,179.38861658465873
144.544,61.87163,179.37434993555996
147.9108,61.8716,179.35979680756364
151.3561,61.87158,179.34484260911074
154.8817,61.87155,179.32960193176024
158.4893,61.87152,179.31401747973268
162.181,61.87149,179.29803195724855
165.9587,61.87146,179.28164536430782
169.8244,61.87143,179.26491499669
173.7801,61.87139,179.2478408543951
177.8279,61.87136,179.2303083458641
181.9701,61.87132,179.2123747668765
186.2087,61.87128,179.1940401174323
190.5461,61.87124,179.175247101752
194.9845,61.8712,179.15605301561516
199.5262,61.87116,179.13640056324215
204.1738,61.87111,179.11628974463306
208.9296,61.87106,179.09572055978785
213.7962,61.87101,179.07463571292703
218.7762,61.87096,179.05309249983014
223.8721,61.8709,179.0310336247176
229.0868,61.87084,179.00845908758944
234.4229,61.87078,178.98536888844566
239.8833,61.87072,178.96176302728628
245.4709,61.87065,178.93758420833174
251.1886,61.87058,178.9128324315821
257.0396,61.87051,178.8875076970373
263.0268,61.87043,178.86161000469738
269.1535,61.87035,178.83508205878286
275.4229,61.87026,178.80798115507318
281.8383,61.87018,178.78019270200932
288.4032,61.87008,178.75183129115032
295.1209,61.86999,178.7227250351577
301.9952,61.86988,178.6929885255904
309.0295,61.86978,178.66256446666898
316.2278,61.86967,178.63145285839332
323.5937,61.86955,178.59959640498408
331.1311,61.86943,178.56693781066164
338.8442,61.8693,178.53359166698502
346.7369,61.86917,178.4994433823952
354.8134,61.86902,178.46449295689223
363.0781,61.86888,178.4287976862556
371.5352,61.86872,178.3921856831467
380.1894,61.86856,178.35477153912467
389.0451,61.86839,178.31644066263044
398.1072,61.86822,178.27725034944345
407.3803,61.86803,178.23714330378434
416.8694,61.86784,178.19611952565296
426.5795,61.86764,178.15412171926985
436.5158,61.86742,178.11120718041457
446.6836,61.8672,178.06720402174852
457.0882,61.86697,178.02222683483075
467.7351,61.86673,177.97621832388174
478.6301,61.86647,177.92912119312197
489.7788,61.8662,177.88093544255148
501.1872,61.86592,177.8316037763907
512.8614,61.86563,177.7811261946397
524.8075,61.86532,177.72950269729841
537.0318,61.865,177.67667598858736
549.5409,61.86467,177.62264606850653
562.3413,61.86432,177.56729834549685
575.4399,61.86395,177.51069011533792
588.8437,61.86356,177.4528213780297
602.5596,61.86316,177.39357754201322
616.595,61.86273,177.3329586072884
630.9573,61.86229,177.27090727807573
645.6542,61.86183,177.2074235543752
660.6934,61.86134,177.14250743618686
676.083,61.86083,177.0760443319517
691.831,61.8603,177.00803424166966
707.9458,61.85974,176.93847716534077
724.436,61.85916,176.86731580718558
741.3102,61.85855,176.79449287142444
758.5776,61.85791,176.7200083580574
776.2471,61.85724,176.6437476755255
794.3282,61.85654,176.5657681196082
812.8305,61.85581,176.48601239452597
831.7638,61.85504,176.40436590871983
851.138,61.85423,176.32082866218977
870.9636,61.85339,176.23534335915622
891.2509,61.85251,176.1479099996193
912.0108,61.85158,176.05847128779936
933.2543,61.85062,175.96696992791698
954.9926,61.84961,175.8733486241926
977.2372,61.84855,175.77760737662624
1000.0,61.84744,175.67957429787936
1023.293,61.84628,175.57936397951096
1047.129,61.84506,175.47680453418252
1071.519,61.84379,175.3718959618941
1096.478,61.84246,175.26458096686608
1122.018,61.84106,175.15480225331902
1148.154,61.83961,175.0425025254734
1174.898,61.83808,174.92762448754965
1202.264,61.83648,174.81011084376834
1230.269,61.83481,174.6899042983499
1258.925,61.83305,174.5669475555148
1288.25,61.83122,174.4411833194836
1318.257,61.8293,174.31255429447674
1348.963,61.82729,174.18094588893516
1380.384,61.82519,174.04635810285896
1412.538,61.82299,173.9087336404685
1445.44,61.82069,173.76795791020487
1479.108,61.81828,173.62397361628848
1513.561,61.81576,173.47672346293987
1548.817,61.81312,173.3260928586
1584.893,61.81035,173.17208180326878
1621.81,61.80746,173.01463300116683
1659.587,61.80444,172.8535745649556
1698.244,61.80127,172.68890649463498
1737.801,61.79796,172.52051419864605
1778.279,61.7945,172.34834038120925
1819.701,61.79087,172.17227045076552
1862.087,61.78708,171.99224711153545
1905.461,61.78311,171.8082703635189
1949.845,61.77896,171.62011102359796
1995.262,61.77462,171.42776909177255
2041.738,61.77007,171.23118727226318
2089.296,61.76532,171.0301936777313
2137.962,61.76035,170.82478830817684
2187.762,61.75515,170.61485657204094
2238.721,61.74972,170.4002265819849
2290.868,61.74403,170.18095563378833
2344.229,61.73809,169.95681454433316
2398.833,61.73187,169.72780331361938
2454.709,61.72537,169.49380735008796
2511.886,61.71857,169.25471206217983
2570.396,61.71147,169.0104601541156
2630.268,61.70404,168.7608797385566
2691.535,61.69628,168.5059708155029
2754.229,61.68816,168.24561879339547
2818.383,61.67968,167.9797090806752
2884.032,61.67082,167.70812708578322
2951.209,61.66155,167.43081551293992
3019.952,61.65188,167.14765977058627
3090.295,61.64177,166.8585452671632
3162.278,61.63121,166.56341470689136
3235.937,61.62017,166.2621534982116
3311.311,61.60865,165.95470434534437
3388.442,61.59662,165.64089536095122
3467.369,61.58406,165.3207265450321
3548.134,61.57094,164.99402601024852
3630.781,61.55725,164.66079375660044
3715.352,61.54296,164.32085789674932
3801.894,61.52804,163.97416113491568
3890.451,61.51248,163.62064617531996
3981.072,61.49624,163.26025572218268
4073.803,61.4793,162.89281788816527
4168.694,61.46164,162.51838996904726
4265.795,61.44322,162.1367427817106
4365.158,61.42401,161.74793362193483
4466.836,61.40399,161.35190519394044
4570.882,61.38312,160.9484856103888
4677.351,61.36138,160.53773216705954
4786.301,61.33873,160.11953027239355
4897.788,61.31514,159.69382263061132
5011.872,61.29057,159.26066653749243
5128.614,61.26499,158.81994740147778
5248.075,61.23837,158.37166522256746
5370.318,61.21067,157.91582000076136
5495.409,61.18185,157.45235444028003
5623.413,61.15187,156.981325836903
5754.399,61.12071,156.5026768948507
5888.437,61.08831,156.01640761412315
6025.596,61.05464,155.52263258627943
6165.95,61.01966,155.02135181131948
6309.573,60.98334,154.5125652892433
6456.542,60.94562,153.99633031583042
6606.934,60.90647,153.4727614826399
6760.83,60.86586,152.94185878967164
6918.31,60.82373,152.4037368284848
7079.458,60.78005,151.8585101906383
7244.36,60.73478,151.30623617191168
7413.102,60.68788,150.74708665964351
7585.776,60.6393,150.18111894961328
7762.471,60.58901,149.60856222493908
7943.282,60.53697,149.02953107717985
8128.305,60.48313,148.44419739367422
8317.638,60.42746,147.85273306176066
8511.38,60.36993,147.25530996877774
8709.636,60.31049,146.652100002064
8912.509,60.2491,146.04344693629653
9120.108,60.18574,145.42946536303435
9332.543,60.12037,144.8103844653955
9549.926,60.05296,144.18654801805704
9772.372,59.98348,143.55812790835756
10000.0,59.91189,142.9254106151946
10232.93,59.83817,142.28868261746572
10471.29,59.7623,141.648287689848
10715.19,59.68424,141.00445501545948
10964.78,59.60398,140.35752836897728
11220.18,59.52151,139.70779422929894
11481.54,59.43679,139.05565366688106
11748.98,59.34981,138.40133586484163
12022.64,59.26056,137.74518459785781
12302.69,59.16904,137.08765823216567
12589.25,59.07522,136.42892865510376
12882.5,58.97911,135.76945423290817
13182.57,58.88069,135.109578740256
13489.63,58.77998,134.44964595182432
13803.84,58.67696,133.78994234651068
14125.38,58.57164,133.1308689947717
14454.4,58.46404,132.47276967128445
14791.08,58.35414,131.8160454465055
15135.61,58.24197,131.16092550355293
15488.17,58.12754,130.5077536171038
15848.93,58.01087,129.8569881533942
16218.1,57.89196,129.2088009997627
16595.87,57.77085,128.56365052244539
16982.44,57.64754,127.9217086087808
17378.01,57.52207,127.28337632922556
17782.79,57.39446,126.64894016267719
18197.01,57.26474,126.01868658803332
18620.87,57.13293,125.3928447884119
19054.61,56.99907,124.77164394693105
19498.45,56.86318,124.15548513404737
19952.62,56.72531,123.54448294131984
20417.38,56.58548,122.93886655186658
20892.96,56.44373,122.33892244458508
21379.62,56.3001,121.74487980259346
21877.62,56.15462,121.15679592167118
22387.21,56.00734,120.57501457649533
22908.68,55.85829,119.99959306284545
23442.29,55.70751,119.43070326806006
23988.33,55.55504,118.8685743752572
24547.09,55.40092,118.3132063844369
25118.86,55.2452,117.7648857744967
25703.96,55.08791,117.2235552496571
26302.68,54.92909,116.68944399303615
26915.35,54.76878,116.16255200463385
27542.29,54.60703,115.6429365802297
28183.83,54.44388,115.13076960716226
28840.32,54.27936,114.62605108543154
29512.09,54.11352,114.12883831081699
30199.52,53.9464,113.63913128331868
30902.95,53.77802,113.15693000293658
31622.78,53.60844,112.6823490612297
32359.37,53.4377,112.21533116241858
33113.11,53.26582,111.75587630650317
33884.42,53.09284,111.3039844934835
34673.69,52.91881,110.85965572335954
35481.34,52.74376,110.42283270035179
36307.81,52.56771,109.99351542446028
37153.52,52.39072,109.57164659990543
38018.94,52.2128,109.15722622668733
38904.51,52.03399,108.7501970090264
39810.72,51.85433,108.35044435536362
40738.03,51.67384,107.9579109699195
41686.94,51.49255,107.57265414847352
42657.95,51.3105,107.19450200368718
43651.58,51.12771,106.82339723978095
44668.36,50.94421,106.45928256097531
45708.82,50.76002,106.10210067149076
46773.51,50.57518,105.75173697976825
47863.01,50.3897,105.4081341900283
48977.88,50.20362,105.07117771071186
50118.72,50.01695,104.74081024603943
51286.14,49.82972,104.41691720445198
52480.75,49.64195,104.09949858594949
53703.18,49.45366,103.78832520741395
54954.09,49.26487,103.4833970688453
56234.13,49.07561,103.18454228290508
57543.99,48.88589,102.89176084959324
58884.37,48.69573,102.60493817735075
60255.96,48.50514,102.32395967461859
61659.5,48.31416,102.04865345405823
63095.73,48.12278,101.77907681144917
64565.42,47.93103,101.51500056367337
66069.34,47.73892,101.25642471073084
67608.3,47.54648,101.00317736528301
69183.1,47.3537,100.75520123155039
70794.58,47.16061,100.51238171797395
72443.6,46.96722,100.27466152877419
74131.02,46.77355,100.04186877661252
75857.76,46.57959,99.814003461489
77624.71,46.38537,99.59095099184455
79432.82,46.1909,99.3725967761202
81283.05,45.99619,99.1588262227569
83176.38,45.80124,98.94963933175463
85113.8,45.60608,98.74480691999536
87096.36,45.4107,98.5443862832586
89125.09,45.21511,98.3481482384263
91201.08,45.01933,98.15615008127794
93325.43,44.82337,97.96821992447504
95499.26,44.62723,97.78424317645855
97723.72,44.43091,97.60421983722843
100000.0,44.23444,97.42809261100523
102329.3,44.03781,97.25563231467083
104712.9,43.84102,97.0868962440048
107151.9,43.6441,96.9217125116686
109647.8,43.44704,96.7601384134417
112201.8,43.24985,96.60194476620607
114815.4,43.05253,96.44713156996173
117489.8,42.8551,96.29558423314964
120226.4,42.65755,96.14730275576979
123026.9,42.45989,96.00217254626314
125892.5,42.26213,95.86013630885022
128825.0,42.06426,95.72107945197195
131825.7,41.86631,95.58500197562837
134896.3,41.66826,95.45178928826046
138038.4,41.47012,95.3213840940887
141253.8,41.2719,95.19372909733355
144544.0,41.0736,95.06876700221551
147910.8,40.87523,94.94644051295508
151356.1,40.67678,94.82663503799323
154881.7,40.47826,94.70940787310947
158489.3,40.27968,94.59458713096525
162181.0,40.08103,94.48217281156057
165958.7,39.88232,94.37205032333644
169824.4,39.68356,94.26427696207232
173780.1,39.48474,94.15868084042971
177827.9,39.28586,94.0552619584086
181970.1,39.08694,93.95396302022947
186208.7,38.88796,93.8546694343333
190546.1,38.68894,93.75749579227912
194984.5,38.48988,93.66221291094885
199526.2,38.29077,93.56887808612204
204173.8,38.09163,93.47737672623965
208929.6,37.89244,93.38776612708119
213796.2,37.69322,93.29987440130813
218776.2,37.49396,93.21370154892045
223872.1,37.29467,93.12924756991816
229086.8,37.09535,93.04645516852176
234422.9,36.89599,92.96520975317222
239883.3,36.69661,92.88556861964904
245470.9,36.4972,92.80741717639319
251188.6,36.29776,92.73075542340469
257039.6,36.0983,92.655526064904
263026.8,35.89881,92.58167180511164
269153.5,35.6993,92.50919264402758
275422.9,35.49976,92.43808858165184
281838.3,35.30021,92.3681877306459
288403.2,35.10063,92.29954738678921
295120.9,34.90103,92.23216755008184
301995.2,34.70142,92.16593362896471
309029.5,34.50179,92.10084562343785
316227.8,34.30214,92.03684623772175
323593.7,34.10247,91.97393547181638
331131.1,33.90279,91.91205602994225
338844.2,33.70309,91.85120791209935
346736.9,33.50338,91.79133382250816
354813.4,33.30365,91.73237646538922
363078.1,33.10391,91.67433584074247
371535.2,32.90416,91.61721194856793
380189.4,32.70439,91.56089019730656
389045.1,32.50462,91.5054278827379
398107.2,32.30483,91.45076770908243
407380.3,32.10503,91.39685238056059
416869.4,31.90522,91.34368189717247
426579.5,31.70541,91.291256258918
436515.8,31.50558,91.23946087423818
446683.6,31.30574,91.1883530389125
457088.2,31.1059,91.13787545716148
467735.1,30.90604,91.08797083320557
478630.1,30.70618,91.03863916704482
489778.8,30.50631,90.98988045867918
501187.2,30.30643,90.94163741232919
512861.4,30.10654,90.89391002799478
524807.5,29.90665,90.84664100989649
537031.8,29.70675,90.79983035803428
549540.9,29.50684,90.75342077662869
562341.3,29.30693,90.70741226567968
575439.9,29.10701,90.66180482518726
588843.7,28.90708,90.61654115937195
602559.6,28.70715,90.57156397245419
616595.0,28.50721,90.52693056021347
630957.3,28.30727,90.48252633109084
645654.2,28.10732,90.43840858086578
660693.4,27.90737,90.39457730953825
676083.0,27.70741,90.35086062976977
691831.0,27.50744,90.30737313311934
707945.8,27.30747,90.26405752380745
724436.0,27.1075,90.2208565060546
741310.2,26.90751,90.17782737564028
758577.6,26.70753,90.13485554100546
776247.1,26.50754,90.09194100215015
794328.2,26.30754,90.04908375907436
812830.5,26.10754,90.00622651599859
831763.8,25.90753,89.96342656870232
851138.0,25.70752,89.92056932562653
870963.6,25.5075,89.87771208255073
891250.9,25.30748,89.83474024791593
912010.8,25.10746,89.7917111175016
933254.3,24.90742,89.74856739552826
954992.6,24.70739,89.70525178621637
977237.2,24.50734,89.66182158534545
1000000.0,24.3073,89.618219497136
1023293.0,24.10724,89.57438822580849
1047129.0,23.90718,89.53038506714243
1071519.0,23.70712,89.48609542957884
1096478.0,23.50704,89.44151931311764
1122018.0,23.30697,89.3966567177589
1148154.0,23.10688,89.35145034772307
1174898.0,22.90679,89.30595749878971
1202264.0,22.7067,89.26006357939973
1230269.0,22.50659,89.21376858955315
1258925.0,22.30648,89.16707252924998
1288250.0,22.10636,89.11997539849023
1318257.0,21.90624,89.07236260571484
1348963.0,21.7061,89.02429144670337
1380384.0,21.50596,88.97564732989677
1412538.0,21.30581,88.92654484685406
1445440.0,21.10565,88.87681211023671
1479108.0,20.90549,88.82650641582423
1513561.0,20.70531,88.7755704678371
1548817.0,20.50512,88.72400426627533
1584893.0,20.30492,88.67175051535938
1621810.0,20.10472,88.6188092150893
1659587.0,19.9045,88.56518036546505
1698244.0,19.70427,88.51074937492763
1737801.0,19.50402,88.45551624347702
1778279.0,19.30377,88.3994809711132
1819701.0,19.1035,88.34258626205671
1862087.0,18.90322,88.28483211630754
1905461.0,18.70293,88.22616123808615
1949845.0,18.50261,88.16657362739254
1995262.0,18.30229,88.10606928422673
2041738.0,18.10195,88.04447632125017
2089296.0,17.90159,87.98190933002188
2137962.0,17.70121,87.91825371898283
2187762.0,17.50082,87.85350948813307
2238721.0,17.3004,87.787619341693
2290868.0,17.09997,87.7205832796627
2344229.0,16.89951,87.65234400626262
2398833.0,16.69903,87.58290152149277
2454709.0,16.49853,87.51214123379411
2511886.0,16.29801,87.44012043894618
2570396.0,16.09746,87.36672454538991
2630268.0,15.89688,87.29195355312535
2691535.0,15.69628,87.21575016637293
2754229.0,15.49565,87.1380570893532
2818383.0,15.29499,87.05893161784564
2884032.0,15.09429,86.9782018645117
2951209.0,14.89356,86.89592512513092
3019952.0,14.6928,86.81204410392375
3090295.0,14.49201,86.72644420933122
3162278.0,14.29117,86.63912544135329
3235937.0,14.0903,86.55008779998995
3311311.0,13.88938,86.4592739894617
3388442.0,13.68842,86.36656941820954
3467369.0,13.48742,86.27197408623346
3548134.0,13.28636,86.17543069775391
3630781.0,13.08526,86.0768819569914
3715352.0,12.88411,85.97632786394594
3801894.0,12.6829,85.87365382705849
3890451.0,12.48164,85.76880255054955
3981072.0,12.28031,85.66183133019865
4073803.0,12.07893,85.55256827866718
4168694.0,11.87748,85.44101339595521
4265795.0,11.67596,85.32705209050368
4365158.0,11.47437,85.21074165809215
4466836.0,11.27271,85.091910211382
4570882.0,11.07096,84.97055775037329
4677351.0,10.86914,84.8466269792865
4786301.0,10.66723,84.72000330656257
4897788.0,10.46524,84.59068673220156
5011872.0,10.26315,84.4586199604239
5128614.0,10.06096,84.3236883996706
5248075.0,9.858669,84.18583475416212
5370318.0,9.656273,84.04505902389849
5495409.0,9.453765,83.90118932154114
5623413.0,9.251141,83.7542829428696
5754399.0,9.048396,83.6041680005453
5888437.0,8.845523,83.45078719878879
6025596.0,8.642517,83.29414053760003
6165950.0,8.439371,83.13405612964047
6309573.0,8.23608,82.97053397491014
6456542.0,8.032637,82.80345948184997
6606934.0,7.829036,82.63277535468052
6760830.0,7.625268,82.45842429762219
6918310.0,7.421326,82.28034901489555
7079458.0,7.217203,82.098377619162
7244360.0,7.012891,81.91251011042155
7413102.0,6.80838,81.72263189711519
7585776.0,6.603663,81.52862838768391
7762471.0,6.39873,81.33055687790718
7943282.0,6.193571,81.12818818466697
8128305.0,5.988177,80.92146501218377
8317638.0,5.782537,80.71038736045757
8511380.0,5.57664,80.49478334214983
8709636.0,5.370475,80.27465295726059
8912509.0,5.16403,80.04976702267174
9120108.0,4.957294,79.82018283416281
9332543.0,4.750253,79.5857858001748
9549926.0,4.542894,79.34646132914865
9772372.0,4.335204,79.10209482952536
10000000.0,4.127169,78.8526290055254
10232930.0,3.918773,78.59800656136926
10471290.0,3.710002,78.33811290549792
10715190.0,3.50084,78.07289074213186
10964780.0,3.29127,77.80216818393254
11220180.0,3.081275,77.52600252667948
11481540.0,2.870838,77.24416458725463
11748980.0,2.65994,76.9567116614375
12022640.0,2.448563,76.66341456611002
12302690.0,2.236686,76.36433059705173
12589250.0,2.024291,76.0592878669241
12882500.0,1.811356,75.74828637572708
13182570.0,1.597859,75.43115423612217
13489630.0,1.383778,75.10789144810936
13803840.0,1.169091,74.77844071590913
14125380.0,0.9537742,74.44263015218296
14454400.0,0.7378028,74.10051705271034
14791080.0,0.5211523,73.75198682593226
15135610.0,0.3037969,73.39703947184873
15488170.0,0.08571054,73.03550310312117
15848930.0,-0.133134,72.66743501552914
16218100.0,-0.352764,72.29277791329308
16595870.0,-0.573208,71.911417204854
16982440.0,-0.794494,71.52341018599141
17378010.0,-1.01665,71.12864226514627
17782790.0,-1.23971,70.72717073809811
18197010.0,-1.46371,70.3189383090674
18620870.0,-1.68867,69.90394497805414
19054610.0,-1.91462,69.48219074505835
19498450.0,-2.1416,69.05367561008
19952620.0,-2.36964,68.6183995731191
20417380.0,-2.59878,68.17641992995519
20892960.0,-2.82904,67.72773668058825
21379620.0,-3.06046,67.27234982501827
21877620.0,-3.29308,66.81037395480429
22387210.0,-3.52692,66.3418663657258
22908680.0,-3.76202,65.86688435356236
23442290.0,-3.99842,65.38542791831394
23988330.0,-4.23614,64.89766894731906
24547090.0,-4.47523,64.40366473635726
25118860.0,-4.71572,63.90352987698757
25703960.0,-4.95763,63.397378960769
26302680.0,-5.201,62.885383875040084
26915350.0,-5.44586,62.367601915580366
27542290.0,-5.69224,61.84426226550787
28183830.0,-5.94018,61.31547951638164
28840320.0,-6.1897,60.781482851319716
29512090.0,-6.44082,60.24238686188113
30199520.0,-6.69359,59.69836343540441
30902950.0,-6.94801,59.14969905078712
31622780.0,-7.20412,58.59662289114735
32359370.0,-7.46194,58.03924954804409
33113110.0,-7.72149,57.47792279615442
33884420.0,-7.98278,56.912803063660974
34673690.0,-8.24584,56.34418828861725
35481340.0,-8.51068,55.77232484287512
36307810.0,-8.77731,55.19748201659832
37153520.0,-9.04574,54.6199233703726
38018940.0,-9.31599,54.03993538309552
38904510.0,-9.58805,53.4577988040867
39810720.0,-9.86193,52.87379438266575
40738030.0,-10.1376,52.2882143273082
41686940.0,-10.4151,51.701350846489554
42657950.0,-10.6945,51.11349041910737
43651580.0,-10.9756,50.52493098321514
44668360.0,-11.2585,49.93595328813245
45708820.0,-11.5433,49.346849542334844
46773510.0,-11.8297,48.757894765563975
47863010.0,-12.118,48.169375436717395
48977880.0,-12.4079,47.581555116380876
50118720.0,-12.6995,46.994697365140176
51286140.0,-12.9929,46.40905428442517
52480750.0,-13.2878,45.82487797566568
53703180.0,-13.5844,45.24239762197978
54954090.0,-13.8825,44.66182521775166
56234130.0,-14.1822,44.08337848694349
57543990.0,-14.4833,43.50724650562764
58884370.0,-14.7859,42.93359543156472
60255960.0,-15.0899,42.36259715209324
61659500.0,-15.3953,41.79438344750609
63095730.0,-15.702,41.229080368518225
64565420.0,-16.0099,40.66679104753273
66069340.0,-16.319,40.107589969063
67608300.0,-16.6293,39.551551617622394
69183100.0,-16.9407,38.99870464110066
70794580.0,-17.2531,38.449071957809615
72443600.0,-17.5665,37.90264210859335
74131020.0,-17.8808,37.35939217514006
75857760.0,-18.196,36.81925913209227
77624710.0,-18.512,36.28217995409255
79432820.0,-18.8287,35.74804004958183
81283050.0,-19.1462,35.216724827001116
83176380.0,-19.4642,34.68807958774571
85113800.0,-19.7829,34.16193244447708
87096360.0,-20.102,33.63809432112282
89125090.0,-20.4216,33.11633603456489
91201080.0,-20.7417,32.59641694252933
93325430.0,-21.062,32.07807348443038
95499260.0,-21.3827,31.561024910948415
97723720.0,-21.7037,31.04495609529613
100000000.0,-22.0248,30.52954618110825
102329300.0,-22.3462,30.01443993455178
104712900.0,-22.6676,29.499270662637855
107151900.0,-22.9891,28.98366594279963
109647800.0,-23.3107,28.46721897500256
112201800.0,-23.6323,27.949511500056204
114815400.0,-23.9539,27.430125258770108
117489800.0,-24.2754,26.90860761448613
120226400.0,-24.5968,26.384517389702015
123026900.0,-24.9181,25.857384759025756
125892500.0,-25.2394,25.326745626643294
128825000.0,-25.5605,24.792124437584672
131825700.0,-25.8814,24.253034177724032
134896300.0,-26.2022,23.70899929209142
138038400.0,-26.5228,23.159527036983008
141253800.0,-26.8433,22.604136127850893
144544000.0,-27.1636,22.04233955056922
147910800.0,-27.4838,21.473661750168024
151356100.0,-27.8039,20.897627171677346
154881700.0,-28.1238,20.313771719283135
158489300.0,-28.4436,19.72163129717133
162181000.0,-28.7633,19.120758998261735
165958700.0,-29.0829,18.510719374630046
169824400.0,-29.4025,17.891088437507864
173780100.0,-29.722,17.261459386860654
177827900.0,-30.0416,16.621442611387717
181970100.0,-30.3612,15.970665688522226
186208700.0,-30.6808,15.308767654853243
190546100.0,-31.0006,14.635421924437551
194984500.0,-31.3205,13.95031337048782
199526200.0,-31.6406,13.253149784528537
204173800.0,-31.9609,12.543661876395989
208929600.0,-32.2815,11.821609003816224
213796200.0,-32.6024,11.086773442827088
218776200.0,-32.9236,10.33895465820029
223872100.0,-33.2452,9.57799795133114
229086800.0,-33.5672,8.803754353192907
234422900.0,-33.8897,8.016103542648613
239883300.0,-34.2126,7.214971035184893
245470900.0,-34.5361,6.400288075866325
251188600.0,-34.8602,5.572015703562847
257039600.0,-35.1848,4.730153345316659
263026800.0,-35.5102,3.874717616903823
269153500.0,-35.8361,3.005752636074562
275422900.0,-36.1628,2.123330595511064
281838300.0,-36.4902,1.2275477521229106
288403200.0,-36.8183,0.31852580214578685
295120900.0,-37.1472,-0.603588118858517
301995200.0,-37.4768,-1.5386208630443126
309029500.0,-37.8073,-2.486384729437915
316227800.0,-38.1385,-3.446656264499224
323593700.0,-38.4706,-4.419194825954283
331131100.0,-38.8034,-5.403742582795285
338844200.0,-39.137,-6.399995867390808
346736900.0,-39.4715,-7.4077140374669
354813400.0,-39.8067,-8.426490292989017
363078100.0,-40.1426,-9.456038155059593
371535200.0,-40.4793,-10.49601384900155
380189400.0,-40.8167,-11.545959008578784
389045100.0,-41.1548,-12.605529859114217
398107200.0,-41.4935,-13.674325330151255
407380300.0,-41.8329,-14.751887055453793
416869400.0,-42.1727,-15.837813964565242
426579500.0,-42.5131,-16.931590395469986
436515800.0,-42.854,-18.03281527771143
446683600.0,-43.1952,-19.141030245053464
457088200.0,-43.5367,-20.25566233970097
467735100.0,-43.8784,-21.37625319541783
478630100.0,-44.2203,-22.50228715018844
489778800.0,-44.5623,-23.633248541997173
501187200.0,-44.9042,-24.76867900460792
512861400.0,-45.2461,-25.90794828444605
524807500.0,-45.5877,-27.050655311054967
537031800.0,-45.929,-28.196227126639535
549540900.0,-46.2698,-29.344090773404623
562341300.0,-46.6101,-30.493787885114138
575439900.0,-46.9497,-31.64480279975244
588843700.0,-47.2885,-32.79667715108345
602559600.0,-47.6263,-33.948837981312025
616595000.0,-47.9631,-35.100884219981566
630957300.0,-48.2986,-36.252357500855986
645654200.0,-48.6328,-37.40279945769917
660693400.0,-48.9654,-38.55186631583403
676083000.0,-49.2963,-39.69909970902448
691831000.0,-49.6254,-40.844155862593425
707945800.0,-49.9524,-41.98680559342283
724436000.0,-50.2773,-43.1267051268356
741310200.0,-50.5999,-44.26362527971369
758577600.0,-50.92,-45.39745146049809
776247100.0,-51.2374,-46.5278971902912
794328200.0,-51.552,-47.654962469093036
812830500.0,-51.8636,-48.778590001124094
831763800.0,-52.1721,-49.898722490604854
851138000.0,-52.4772,-51.015417233314835
870963600.0,-52.779,-52.12878882081305
891250900.0,-53.0771,-53.23900914043804
912010800.0,-53.3715,-54.34619278374884
933254300.0,-53.662,-55.45062622964302
954992600.0,-53.9485,-56.552595957018134
977237200.0,-54.231,-57.65215926165369
1000000000.0,-54.5092,-58.75051935491948
